performer,user_name,comment,video_id,likes_count
MarilynManson,Kaisar Leonardo Nitzsche,Reminds me of a joke Heino song on Instagram about a gypsy girl who fingerd him with her pinky finger,WTviW6w_-wI,0
MarilynManson,NightwishTarja,he promotion for this new era is nothing short of incredible,KRKsF17wY30,0
MarilynManson,Дмитрий Захаров,Это Я каждое утро...,VdV1Zc_PFdg,0
MarilynManson,NightwishTarja,"All these fools though him dead, be dead themselves, MM just returned from the dead",_BEgoKiJGQQ,0
MarilynManson,NightwishTarja,"somewhat looked at in a taboo way. Now, i realise in my older years",F9YJS4nTNsM,0
MarilynManson,NightwishTarja,ansons music must mean so much to hera lot to me too but look those tattoo,PSMj1C9B_JY,0
MarilynManson,daydreamer,A song about Lisa Marie Presley?,qAmUf-kK_l4,0
MarilynManson,NightwishTarja,Екс-президент США Джиммі Картер відмовився від лікування,rTDupUzDLBI,0
MarilynManson,SuperFlyingGlydon74,"This album doesn’t deserve all the hate it gets, (apart from Tattooed In Reverse) same goes for Born Villain, EAT ME, DRINK ME and High End Of Low",bsRwbf-nwAg,1
MarilynManson,stephen sheldon,Not a fan but luv this fuckin tune,bsRwbf-nwAg,0
MarilynManson,Paige Barnum,Baby I want you to teach me how to use a  and the piano.,C7VXrHLyUQk,1
MarilynManson,Samuel Hotene,Love it...this is powerful,VdV1Zc_PFdg,0
MarilynManson,Kennny Powers,приятный клип. ни4ё так ..,otSSwS_Nh9A,0
MarilynManson,John O'Rourke,"The footage of them dissing each other on stage, was well... staged.",ip27kY93gCA,1
MarilynManson,NightwishTarja,Felicidades y saludos desde la Ciudad de México Mr. Manson,VdV1Zc_PFdg,0
MarilynManson,John O'Rourke,"Man, this song really sounds like another song, the name of which I do not know. Can someone please enlighten me?",VdV1Zc_PFdg,1
MarilynManson,NightwishTarja,Good to see him still making socially relevant music smart guy and terrific,bmblT8_9-7U,0
MarilynManson,DeKyle,Выпивал 2 недели. Потом тяжко было;),VdV1Zc_PFdg,0
MarilynManson,NightwishTarja,pretty are always kept behind glass to defend herself from kids making,otSSwS_Nh9A,0
MarilynManson,NightwishTarja,"drives behind and the guitar just winks, the synth completes everything",AgH1zQBmv1Q,0
MarilynManson,Baştıray Yıltürk,"Why is this masterpiece so underrated?
Just 3m",sq0Ax_7qisk,0
MarilynManson,NightwishTarja,His voice is only becoming gold over the years! MM fan for life,WTviW6w_-wI,0
MarilynManson,Rone Silva,Você merece tudo tudo de bom obrigado ,VdV1Zc_PFdg,0
MarilynManson,NightwishTarja,"voice drives behind and the guitar just winks, the synth completes everythin",bsRwbf-nwAg,0
MarilynManson,Niccolò Da  Vela,MM is the best of THEM,WTviW6w_-wI,0
MarilynManson,Gayle McCrickerd,I don't know what I'd do without MM...The world fucked me and I navigated back to him ,sq0Ax_7qisk,0
MarilynManson,Gayle McCrickerd,When the system killed your heart and took your children and you stand broken screaming FUCK THE WORLD ,yTEW762-Ci0,0
MarilynManson,Flowers _ strawberries 🍓,I love Marilyn manson,VdV1Zc_PFdg,1
MarilynManson,Christopher Petralia,She a nimpho I'm done share her Cleveland giggling to myself dead! Doctor music said..scene out,FniF0kSvWGg,0
MarilynManson,NightwishTarja,"good old days - epic wars, razing entire towns, remorseless slaughter",sq0Ax_7qisk,0
MarilynManson,NightwishTarja,hat he can still deliver a great piece of work The guy lost his parent,6onWKxii50g,0
MarilynManson,NightwishTarja,aven't felt these goosebumps since Holy Woo! Keep kicking ass my dude,K7l3tIsRM7s,0
MarilynManson,Collateral Damage,"The last part is what I had inside me for a very few girls I dated till got married, including my wife. The only difference was it was/is a death dream for me. You never get appreciated for being nice and kind",qAmUf-kK_l4,0
MarilynManson,NightwishTarja,"yrically and musically, they are all masterpieces Will always be a fan",-8hmiVMNgII,0
MarilynManson,NightwishTarja,some of the darkest music will bring some people out of the darkest places,z-69izECa-g,0
MarilynManson,NightwishTarja,"I love listening to him talk in interviews, his voice sounds so good",i_jWjkFAG5E,0
MarilynManson,NightwishTarja,never forget all your fans who will never have the chance,ip27kY93gCA,0
MarilynManson,NightwishTarja,But Manson is on a whole other like dimension or level than any of those artists,ca07wR75-ko,0
MarilynManson,NightwishTarja,ppreciate the “everything’s fucked but that’s not so bad” vibe of this song,BDfvHtTUUqg,0
MarilynManson,Bat Man,My new favorite song…love how the bass drills,-8hmiVMNgII,0
MarilynManson,NightwishTarja,Love him or hate him I'm not sure how someone could not be deeply moved,9TqhGxfAwqI,0
MarilynManson,NightwishTarja,"approaching this sound our entire lives, mission is complete, respect is immesurable",C7VXrHLyUQk,0
MarilynManson,NightwishTarja,masterpiece by reminding us hes not washed up and here to give us good music,CVzLDAv6OwU,0
MarilynManson,Matthias Dehnert,Hammer Typ.....genial ist er,VdV1Zc_PFdg,0
MarilynManson,NightwishTarja,But I can already tell that this one is my favorite Classic Manson vibes,NE1HJLTML_Y,0
MarilynManson,NightwishTarja,Really needed this in my life right now. It's all gonna be okay folks,m3-TSKKRaJA,0
MarilynManson,NightwishTarja,51 years old and still rockin that goth look much respect to marilyn Manson,qAmUf-kK_l4,0
MarilynManson,Pete Francisco,Holy sh**!! How many bitches know that you are dead? Wooot!,FniF0kSvWGg,0
MarilynManson,NightwishTarja,Great respect for everything you do We stand with you and support you,d_ORhbC0BPg,0
MarilynManson,NightwishTarja,"can still listen with enjoyment almost as much as my angsty, hormonal teenage self",yTEW762-Ci0,0
MarilynManson,Rick Demention N-613,Every now and then He can explain what I want to say better then me..,CVzLDAv6OwU,0
MarilynManson,NightwishTarja,Great respect for everything you do We stand with you and support you,uhqm4vRW8qA,0
MarilynManson,NightwishTarja,"It’s so perfect from start to end and this song really speaks to me, thanks MM",FniF0kSvWGg,0
MarilynManson,Dena Mitchell,Slap of wrist 4 sum just ain't ENUF.  ,AgH1zQBmv1Q,0
MarilynManson,Dena Mitchell,Slap of wrist 4 sum just ain't ENUF.  ,AgH1zQBmv1Q,0
MarilynManson,Dena Mitchell,Slap of wrist 4 sum just ain't ENUF.  ,AgH1zQBmv1Q,0
MarilynManson,Dena Mitchell,Slap of wrist 4 sum just ain't ENUF.  ,AgH1zQBmv1Q,0
MarilynManson,Dena Mitchell,Slap of wrist 4 sum just ain't ENUF.  ,AgH1zQBmv1Q,0
MarilynManson,Dena Mitchell,Slap of wrist 4 sum just ain't ENUF.  ,AgH1zQBmv1Q,0
MarilynManson,José Wilson Sousa dos Santos,meio caminho um passo,C7VXrHLyUQk,0
MarilynManson,Bomb Voyage,"Not a Manson fan in general but even I have to admit, when he's good, he's VERY f##king good.",VdV1Zc_PFdg,0
MarilynManson,Sheila Lamonte,I love Marilyn Manson and I don't care who hates him.,VdV1Zc_PFdg,1
MarilynManson,Lampros Dimou,Shit is terrifying!!! cant stop listening! i already have my copy!,CVzLDAv6OwU,0
MarilynManson,Cameron Thomas,Is the nose plate Johnny Depp's Nose piece from The Libertine?,VdV1Zc_PFdg,0
MarilynManson,Fernanda Somenauer Garcia,His voice is amazing and this song is something else! His moves here are giving some Robert Smith vibes (Friday I'm in Love).,VdV1Zc_PFdg,0
MarilynManson,SamuelSlivka,"When I play marilyn manson, I know I'm at home, they just carry the problems I've been experiencing  ",VdV1Zc_PFdg,0
MarilynManson,Starr_Love619,I LOVE THIS MANS VOICE ,m3-TSKKRaJA,0
MarilynManson,Sixx2099,If only he had played the joker.,VdV1Zc_PFdg,0
MarilynManson,Lisa Marcos,"It's a shame what's happening to you, Marilyn. You probably won't even answer me. But if at any time you come to Argentina, you will get everything you want from me.",FniF0kSvWGg,0
MarilynManson,Lisa Marcos,"I can't wait  for you return with new songs, new vids and the most important, see you again. I love you MM, i hope you doing well.",FniF0kSvWGg,0
MarilynManson,"The Picture of DORIAN GRAY, A Dracula 2000 Edition",Wizard of Dark Delights. Bring me the head of the snake charmer....,VdV1Zc_PFdg,0
MarilynManson,daydreamer,"Call me crazy but I think this song is about his old friend Lisa Marie Presley. I think he loved her as more than a friend but like he sings ""I don't wanna be another bullet hole in the exit sign on your road"".",K7l3tIsRM7s,0
MarilynManson,Haacon,"Marilyn Manson,the greatest shock rocker in the world. He took the Alice Cooper show further and I love both of them.",sq0Ax_7qisk,0
MarilynManson,Jon Hylow,"Hey man, your vid iq score is 66.6 :D LOL",F9YJS4nTNsM,0
MarilynManson,Paige Barnum,How do you know that Daddy the song that was just played,CVzLDAv6OwU,1
MarilynManson,Manuel Luna,"I used too like him as an artist, i  wish he could come out and clear the alligations. . His a ghost now. Maybe in this song he was predicting his own demise .",CVzLDAv6OwU,0
MarilynManson,Alex G,i remember reading his bio yall remember the slingshot at church ?,FniF0kSvWGg,0
MarilynManson,Hi,we want you back marilyn <3,FniF0kSvWGg,0
MarilynManson,Christopher Petralia,"Yes I did a love potion on you baby, he giggling, where? I will never tell hahahaha laughing to myself right dig it up again baby said lmfao laughing my fcking arse off pinkie scene out so that's what yous want the owner of the house said..right Joe sort them out giggling ...",VdV1Zc_PFdg,0
MarilynManson,Lori Haynes,I'm appalled by this and seriously disappointed in #johnnydepp. Doesn't help your reputation at all,otSSwS_Nh9A,0
MarilynManson,B025 545,This fuck is the reason for all the disgusting homosexuals who've invaded and destroyed my life. The ones who had him record this plagiarized trash just to help make me sound delusional to cover up their crimes. Celebrities are mob goons. Crime puppets. The entire media exists to ruin lives and hide the covert war.,qAmUf-kK_l4,0
MarilynManson,B025 545,This fuck is the reason for all the disgusting homosexuals who've invaded and destroyed my life. The ones who had him record this plagiarized trash just to help make me sound delusional to cover up their crimes. Celebrities are mob goons. Crime puppets. The entire media exists to ruin lives and hide the covert war.,qAmUf-kK_l4,0
MarilynManson,angga,Allah melarangku berbicara dengan banci,F9YJS4nTNsM,0
MarilynManson,angga,Bandung banyak banci,F9YJS4nTNsM,0
MarilynManson,angga,"Nah ini tim banci 
Banci.. ci banci",F9YJS4nTNsM,0
MarilynManson,Катя Кувыркова,"Мэнсон мы очень ждём новых песен и концертов тебя с Джонни!!! Вы лучшие друзья во всём мире, мы хотим ещё увидеть вас вместе на сцене! Мы вас любим ",otSSwS_Nh9A,4
MarilynManson,Allison Thomas,"Lord Jesus Christ, come quickly...",VdV1Zc_PFdg,0
MarilynManson,Promthanius,Daryl Dixon: The Musical coming soon...,FniF0kSvWGg,0
MarilynManson,Jerry Andy ,He's A Beautiful Son Of Devil,FniF0kSvWGg,0
MarilynManson,Tuba Güner,Came here to numb some pain. Who's with me?,VdV1Zc_PFdg,1
MarilynManson,Antoine Klum,Auf die Dauer hintergeht Klein Tom sich selbst,C7VXrHLyUQk,1
MarilynManson,Antoine Klum,"Du musst eine Idee von der ""Gesellschaft"" haben",C7VXrHLyUQk,0
MarilynManson,Steven Hawks,Thank God for Marilyn Manson.,PSMj1C9B_JY,1
MarilynManson,Lacy Gorman,Hi Azie. Just checking in..everything is good here. Hope you're doing well. You're still my favorite weirdo. ,VdV1Zc_PFdg,0
MarilynManson,Denver Hopkins,"When you are suffering, know that I have betrayed you !
That is self exclaiming and scary shit",otSSwS_Nh9A,0
MarilynManson,Haacon,"You are always welcome in Europe, Manson.",K7l3tIsRM7s,0
MarilynManson,LM GHOST MX,tommorrow is my birthday could  you send  me a happy birthday  by videocall pleasse manson you are beautifull im belem busch 36 years,VdV1Zc_PFdg,0
MarilynManson,LM GHOST MX,tommorrow is my birthday could  you send  me a happy birthday  by videocall pleasse manson you are beautifull im belem busch 36 years,VdV1Zc_PFdg,0
MarilynManson,LM GHOST MX,i love you so much come to hermosillo sonora mexico pleasse is my dreams  look,VdV1Zc_PFdg,0
MarilynManson,Ryan Dixon,Is that Norman Reedus?,FniF0kSvWGg,0
MarilynManson,Dominic Cisco,So good for the times we find each other,bsRwbf-nwAg,0
MarilynManson,SuperFlyingGlydon74,Best song on the album ,9TqhGxfAwqI,1
MarilynManson,Aislinn,Brian I'm from ohio as well were so lucky to have you as part of our state speaking on behalf of us Ohioans,VdV1Zc_PFdg,0
MarilynManson,Aislinn,"So hot what ..a..man !

Meanwhile he could be my dad",VdV1Zc_PFdg,0
MarilynManson,Ati Pok,This shit is dope! Please play a duo with Mad-donna! ,F9YJS4nTNsM,1
MarilynManson,Gabriel kristen Buche,"An Artistic throw at the typically mainstream Industrial sound, though quite fancy, unusual, and yet lyrically not a common Manson approach. In other words...different idea here { and yes it works} certainly paid off with another bad ass song.",F9YJS4nTNsM,1
MarilynManson,Bastian Sciareseb,Thanks Mr M Manson it's a very good Song ....This song and in my favorite list of my best songs...I've always had a deep respect for you and your créations ! Your alter ego M Manson is just what America only wants to see from you ...but Brian is a genius ! ,VdV1Zc_PFdg,0
MarilynManson,Jack Frost,Stay Upside Down...   ,sq0Ax_7qisk,0
MarilynManson,Paige Barnum,Baby my heart was beating too fast so I had to have my zanex but I never had a problem with ever getting addicted too that babe I feel so much better.,NE1HJLTML_Y,0
MarilynManson,Jerry Andy ,10 Yars Youngr & Stll Tha Best Best Indstry,F9YJS4nTNsM,0
MarilynManson,joser3613,Perfect song to listen on repeat and just get lost in it,VdV1Zc_PFdg,0
MarilynManson,Alexandru Adalbert Papp,I've reached the ... 700+ day of a seven day binge. No choocky intended. sorry 4 my french.,VdV1Zc_PFdg,0
MarilynManson,S.I.C. Q.M.S.,Thank You Brother  Your Music Keeps Me Alive ,K7l3tIsRM7s,1
MarilynManson,Michael Pritchard,This song is true brilliance.,d_ORhbC0BPg,0
MarilynManson,Paige Barnum,If someone truly loves you they will protect you so I love you and I would Do anything for you as long as it was necessary.,WTviW6w_-wI,1
MarilynManson,Зафар Хидиров,"Спасибо М.Мэнсону за то что он есть и творить отличную музыку,слушаем с детство и до сих пор,ОН яркая звезда в мире музыки,желаю долгих лет жизни и здоровья.Таких как он это редькость,один из миллиард ,вот Мэрилин бриллиант",VdV1Zc_PFdg,6
MarilynManson,Some kid,Why did you eat that bible,FniF0kSvWGg,0
MarilynManson,Eduardo Rangel,"Evan Rachel Wood se irá al infierno y Marilyn Manson saldrá victorioso de esto! 
Sé que sí",FniF0kSvWGg,2
MarilynManson,Jacob,Idk what your smokeing but assuming what your smokeing is no good certain smoke sinks if u know your stuff,VdV1Zc_PFdg,0
MarilynManson,Jeremy Clifton,Love this song and manson everytime I play this song my 12 year old son does the ah ha ah ha ah ha it's awesome,VdV1Zc_PFdg,0
MarilynManson,CHRISTIANE MARIA CAMERON,0989071211113121111114121111111211www11411211www pf ist das nicht mehr in der Lage ist das nicht mehr,VdV1Zc_PFdg,0
MarilynManson,Ugandan Knuckles,It's been 2 years already huh...,m3-TSKKRaJA,1
MarilynManson,Creative1jb,He’s so beautifully strange ,VdV1Zc_PFdg,0
MarilynManson,Phixiate,Stop messing around. Ur horrible to your fans since say10. I say 5. Click click,PSMj1C9B_JY,0
MarilynManson,Gil Azuara,some times it looks like he is becoming kunno,VdV1Zc_PFdg,0
MarilynManson,Marilynmarsh167,I'm sorry that I have wasted your time and mine!! You have no idea how Marilyn Manson is really feeling and that what he is going through!! I do!!!!!!!!!!!,sq0Ax_7qisk,0
MarilynManson,Brenda Gerardi,They r deleting ....,VdV1Zc_PFdg,0
MarilynManson,Brenda Gerardi,Cause I'm fuckin lost in this so called world!!!,VdV1Zc_PFdg,1
MarilynManson,Brenda Gerardi,One of my favorite!!! I wish I could meet mm .....He would give me inspiration again!!,VdV1Zc_PFdg,1
MarilynManson,Brenda Gerardi,MM...I'm  bjg.gerardi....,PSMj1C9B_JY,1
MarilynManson,Brenda Gerardi,The drums...too much wisky...lol,PSMj1C9B_JY,0
MarilynManson,Brenda Gerardi,I dig his voice and yhe drums...love u mm!!!,PSMj1C9B_JY,0
MarilynManson,Jose antonio Cantero marin,Tu...Rosalía...y la gony chonga...a viajar conmigo al pasado...y está gente de yo tengo el don...gta completo al pasado haber lo cierto  qe es cierto...,VdV1Zc_PFdg,0
MarilynManson,cool life,He is a musical and visual genius,otSSwS_Nh9A,0
MarilynManson,angga,"Jangan terima ya kalo ada uang  pemberian tim Dendi septiandani, hasil jual organ tubuh manusia itu mas.. jangan mau makan semeja dengannya,, mulutnya bekas dubur laki2",F9YJS4nTNsM,1
MarilynManson,angga,"Kecelakaan itu, merekalah para keluarga yg menerima donor organ tubuh hasil membunuh orang lain !
Kecelakaan itu, merekalah para keluarga yg menerima donor organ tubuh hasil membunuh orang lain !",F9YJS4nTNsM,0
MarilynManson,angga,Kebakaran rumah itu? Merekalah penerima donor organ tubuh hasil curian dgn membunuh manusia lain,F9YJS4nTNsM,1
MarilynManson,angga,"Jangan menempel dengan dendi lagi, ya",F9YJS4nTNsM,0
MarilynManson,Hamza Cherif,This song broke my hard love you Marilyn ,CVzLDAv6OwU,0
MarilynManson,angga,Lalu 666 kau tau 666 kode Dajjal mas.,F9YJS4nTNsM,1
MarilynManson,angga,"Susrina Rini anak SMA 91 , teman kami terbiasa memanggil dendi Joni dip.",F9YJS4nTNsM,1
MarilynManson,angga,"Tentu saja pimpinan jadi pemarah, selain ingin tenang dirumah, kesibukan menenangkan kedua istri membuatnya tdk enak istirahat , kerepotan menangani bayi disana sini juga menguras energinya. Tentu saja akal sehatnya hanya berjalan ketika ada yg membantunya. 
Iyaaa. Bagus kalo kelompok yg membantu tim red flag.. 
Kalo bukan ??? Gimana? 
Itulah fungsinya fokus",F9YJS4nTNsM,0
MarilynManson,angga,Jangan mau berteman dengan tim Dendi septiandani. Dia mantan gay.,F9YJS4nTNsM,0
MarilynManson,angga,"Tentu saja dia jadi pemarah, karena kerepotan dia menikahi 2 wanita. ,,",F9YJS4nTNsM,0
MarilynManson,angga,"Kelompok Dajjal dendi memata2i seluruh negeri, utk mencuri nominal digital money kalian, 
Menyelusup ke sektor politik kalian sebagai kaki tangan iluminati",F9YJS4nTNsM,0
MarilynManson,Branscam,QjjB. Damn. Gajn. Al,F9YJS4nTNsM,0
MarilynManson,Melody Hay,"Bë æ©è @Më KëYß KëNß Açë © ū @ ©Hü®©HSS

FU K¡NG wëT NøW øMëHöMë 

MM MProductions MPHEÑONI© 

Mü©H LøVë 
The øMëHöMë",NE1HJLTML_Y,1
MarilynManson,Drop music,"Excellent sound Mr  Manson  
.",m3-TSKKRaJA,1
MarilynManson,Antoine Klum,Ehrlich ist nur dieser Papst oder Menschenhändler,CVzLDAv6OwU,0
MarilynManson,Antoine Klum,Aicha ich liebe dich,CVzLDAv6OwU,0
MarilynManson,Antoine Klum,Aicha ich liebe dich,CVzLDAv6OwU,0
MarilynManson,Antoine Klum,Aicha ich liebe dich,CVzLDAv6OwU,0
MarilynManson,Antoine Klum,Wird der Danz schwer mein Schatz,CVzLDAv6OwU,0
Slipknot,The Outlaw Torn,First Spiknot song i Heard. Love this.,VpATBBRajP8,0
Slipknot,cocon't,this is the one banger that successfully gets even deaf people headbanging.,6fVE8kSM43I,1
Slipknot,cocon't,can anyone else peacefully fall asleep chilling to this?,6fVE8kSM43I,1
Slipknot,CLE4LIFE,Slipknot aint no rap band . True fuckin metal.   SPIT IT OUTTTTTTTTTTTTT,ZPUZwriSX4M,0
Slipknot,Nunya Business,Who wakes up and plays this every morning ,INi3qP1oWlY,0
Slipknot,Peter Amaral,That drum beat 3:43 sounds like 00-07 Linkin Park,5T6vdak5Qoo,0
Slipknot,@ENXIVITY,When I was younger my chicken  passed away and I played this at funeral,QijUHxeRwTs,0
Slipknot,Friendly neighborhood philadelphia trash,writing a one page essay right now to my government about why i have a goat tattoo. sincerely trash.,4FEfRgMHg44,0
Slipknot,Fello Gates,"Pikachu is a virgin!!! 
Second :50",5abamRO41fE,0
Slipknot,fernando vega,satanistas  y violados,6fVE8kSM43I,1
Slipknot,soggy cheeto🦶,"Is it bad I grew up listening to this? 




No",XEEasR7hVhA,0
Slipknot,ʲᵒᵉʸʲᵒʳᵈⁱˢᵒⁿ75-21,se nota que la voz de corey estaba cansada,8Dic5RWvuOM,0
Slipknot,Emanuel Murphy,"Temazo!, slipknot + resident evil, me trae muchísimos recuerdos de la niñez, saludos desde Chile  ",lRNYp1IiUuE,0
Slipknot,ElFuria,no se que dice pero ta buena la musica,XEEasR7hVhA,0
Slipknot,ElFuria,no se que dice pero ta buena la musica,XEEasR7hVhA,0
Slipknot,ElFuria,no se que dice pero ta buena la musica,XEEasR7hVhA,0
Slipknot,Yooel C.A.I,Argentina campeón del mundo papa,5abamRO41fE,0
Slipknot,Manuel Costa,"Depression and sadness can be one of the most addictive states of mind. To be depressed is so much easier than not being depressed. It can take your life and vanquish all joy and happiness, and what makes it even more sad is that we let ourselves live in this world in the hopes that it will one day be less dramatic. This song is just perfect in portraying that love hate relationship with oneself. Just perfect",mhJh5_6MuCk,0
Slipknot,Max D. Mathews,Awesome gunplay song!!!,BvCG-iiUgZU,1
Slipknot,Robert n Kristen Stephens,original experimental music like spiders was it grew on me this is depth,fu3-3Yr5PPE,1
Slipknot,Andrey Venchenco,Мирного решения не будет ,fu3-3Yr5PPE,0
Slipknot,Fernando Lizama,Las nuevas generaciones nunca sabrán lo revelador que fue este video en su momento,qw2LU1yS7aw,0
Slipknot,V.L.A.D,Этому видео лет столько же сколько и мне,tUibKh0Z--c,0
Slipknot,Chris,"After following them for a lot of my life so far, kinda feels like I know these amazing geniuses",6fVE8kSM43I,0
Slipknot,Chris,"This song reminded me why I got into Slipknot as much as I had and still very much am. Nowhere else will you find a vocalist with the talent of Corey Taylor, nor the enveloping melody of this ""metal orchestra"" which is just mountains about all the rest!",INi3qP1oWlY,0
Slipknot,Brandon Real,2:04 -2:14 sounds like he is bashing YouTube xd,JGNqvH9ykfA,0
Slipknot,Ricardo Masvidal,This band means so much to me. They got through some hard times in my life. I will always love Slipknot,8Dic5RWvuOM,1
Slipknot,Washington Junior,Provavelmente a melhor música deles ,D1jQKpse7Yw,0
Slipknot,Jonathan Vogel,"question , who had the idea of the Slipknot look ?",AQ0ktXH3LfI,0
Slipknot,Visca el Barça•,Years later and it's still one of the best songs ever written,qw2LU1yS7aw,0
Slipknot,Mengão Até Morrer•,"Die Energie ist so befreiend. Leute, die diese Art von Musik nicht hören, werden es nie verstehen.",TJC63yhmtOE,0
Slipknot,Mengão Até Morrer•,"The Myth
The Legend 
The Number One
The Joey Jordison",b3FpfQOxiKA,0
Slipknot,Mengão Até Morrer•,Years later and it's still one of the best songs ever written.,4FEfRgMHg44,0
Slipknot,CaracolZ,Ya no es tan contundente como Metallica. Una pena.,INi3qP1oWlY,0
Slipknot,Zack Billman,Oh So this song is about what’s going on in Ohio right now….Thanks for telling us what was gonna happen 15 years before it happened.,5abamRO41fE,0
Slipknot,plasma,"slipknot, i am from Brazil and i looove slipknot. Its very Fanny...",FdBqOCS8LmM,0
Slipknot,victor Duque,One of my favorite bands,INi3qP1oWlY,0
Slipknot,Noodle Wizard,Why was clown T posing?,JGNqvH9ykfA,0
Slipknot,Sniperknot,"the second one is too true.

https://youtu.be/INi3qP1oWlY
epilepsy warning btw.",INi3qP1oWlY,0
Slipknot,Jose Soria,Este es mi música favorita y nadie me la va a quitar,FdBqOCS8LmM,0
Slipknot,Ludwig Müller,bis 1:07 ists sinnlos mühsam...,LXEKuttVRIo,0
Slipknot,Jeffery Charniak,Let the hate flow pussies,6fVE8kSM43I,0
Slipknot,Jeffery Charniak,Let the hate flow.. pussies,B1zCN0YhW1s,0
Slipknot,Jeffery Charniak,Fucking awesome fuck everybody after gen X. Pussies,B1zCN0YhW1s,0
Slipknot,un1que guy,"I can understand people, who pays respect to Joey, but c'mon, Paul's bass!!!!! That was low af and BBBBBBAAASSSS.",TPSenKymLwk,0
Slipknot,un1que guy,"I can understand people, who pays respect to Joey, but c'mon, Paul's bass!!!!! That was low af and BBBBBBAAASSSS.",TPSenKymLwk,0
Slipknot,Arkllay,Девушка которая сильно тормозит.,xKcbYUwmmlE,0
Slipknot,un1que guy,"This isn't a Disasterpiece, this is a Masterpiece!",TPSenKymLwk,0
Slipknot,Luigi - ViAntica,Stop bitching at GOD your father! Repent as we all must,5abamRO41fE,1
Slipknot,Xenia Dukic,No masks ... I'm worried... ,qw2LU1yS7aw,0
Slipknot,Xenia Dukic,First heard of Slipknot when I was in 5th grade...now I'm picking up where I left off ..... ,XEEasR7hVhA,1
Slipknot,Royal King,I'm hated everyday Soo much pain,YWX0w6siLyk,0
Slipknot,Arcturian Motives,"I have a complicated relationship with this song - I was in the worst relationship for 7 years, it nearly destroyed me physically and mentally...I was addicted to the trauma as well as the drugs we were taking.  She was the one who introduced me to this song, it was her favourite on the album.  It's such a masterpiece of a song, but it also shows me a window into the past which I would never want to revisit.",LXEKuttVRIo,0
Slipknot,Ben Nicholas,one of the greatest songs ever written..,LXEKuttVRIo,0
Slipknot,Josh Fraileys,God says we can have this this is my church music,vq-zaD1poAE,1
Slipknot,ufo000,this music is like pat-pat my уши,k7WRH5TN4Jk,0
Slipknot,Derek hughes,What a shame… not a single African American person in the crowd at all… shame whitey shame.,6fVE8kSM43I,0
Slipknot,Adam Constantine,Can someone do a mix of this song and MuDvAyNe -IMN please!!!!! PLEASE?,LvetJ9U_tVY,0
Slipknot,Is Sky,Introvert listen to this song ,qw2LU1yS7aw,0
Slipknot,Washington Freire,"Deveria estar no álbum The End, So Far",fu3-3Yr5PPE,0
Slipknot,Rich Littlejohn,Our money died out turn of century,5abamRO41fE,1
Slipknot,VlaKhal,Засыпаю как младенец под неё,qqK1FrO3BdM,0
Slipknot,Joey Wildrose,ahh slipknot. the fake mushroomhead created by david geffen  to replace them after j.nothing turned down geffens offer of slavery,RUV5-ZqQ4o0,0
Slipknot,Luis Bueno,"Sinister and macabre, and i like It ",sgA7KIwKlOE,0
Slipknot,isaque,Estou ouvindo essa pedrada depois da eliminação do Brasil ,LvetJ9U_tVY,0
Slipknot,Noke,These guys have been through hell and left it cold.,eWa53CnFXXs,0
Slipknot,John Gore,I’d like to invite these guys to my church.,5abamRO41fE,0
Slipknot,Lyudovik Kamachov,I remember when I saw this videoclip first time in MTV...this was the closest time to see the real face of Slipknot members...there wasn't photos of them w/o masks,qw2LU1yS7aw,0
Slipknot,DJRapta,how dare some of these people just be slightly headbanging.,XG6Wr6UlVR0,0
Slipknot,Zanderfel,"Fun facts:
- the song is about literally what the lyrics say ""I push my fingers into my eyes to slowly stop the ache"", its a headache that went on for seemingly forever & drove them nuts. 
- the crowd in the video, all are fans of the band, some flew in from Europe.",6fVE8kSM43I,0
Slipknot,DJRapta,bruh this is in 8k now.,XG6Wr6UlVR0,0
Slipknot,Jefferson Marinho,"No words, just make more of this PLEASE: just a fucking MASTERPIECE!",JGNqvH9ykfA,0
Slipknot,cian mcclees,"This song breaks my heart and makes me feel things I hate feeling. Yet I can appreciate this song in all aspects. One of those songs that hit differently at different stages in your life. No matter the reason I will always come back to this. However, the video still confuses me to this day... And I still get confused as hell at Corey in drag at the end.. amazing nonetheless.",LXEKuttVRIo,0
Slipknot,zDarth,un temita para relajar,5abamRO41fE,1
Slipknot,Pymek,Every time. Very emotional moments  <3,LvetJ9U_tVY,1
Slipknot,Sir Sufferer,"I believe you can be born again in a sense cause. How else do you gain more voices of your old dead self.

You have to recreate in order to die/ lose yourself again, don't you?
",9gsAz6S_zSw,2
Slipknot,Ben Boesenberg,"Fucking amazing, best yet!",9FnG9lGLyEM,0
Slipknot,TeeVee,"before i thought corey was saying ""you can't take my son away from me"", hence the name new abortion.. 
knowing he says soul now gives it a different feel",8PR7O23tJ7k,0
Slipknot,eskeeetit777,Olha a quantidade de gente que está ouvindo em 2023 ,6fVE8kSM43I,0
Slipknot,Ancizar Hernández Hernández,Slipknot it's the most brutal band,6fVE8kSM43I,0
Slipknot,Jean,"Corey Taylor vestido de travesti, fica melhor que muita mulher por ai! ",LXEKuttVRIo,0
Slipknot,Blade Brace,This is beautiful and haunting,fu3-3Yr5PPE,0
Slipknot,Christos K,Relatable right here. Always looked forward to the final track on slipknot albums cuz they’re so intense. This one’s an anthem no doubt.,qNxtgAnxeZw,0
Slipknot,LizMTLVR,"Me pase de pendja, hace 2 semanas subieron un vídeo y apenas lo veo :/",fu3-3Yr5PPE,0
Slipknot,Samuel Moreno,Mask made slipknot you dildo,vq-zaD1poAE,0
Slipknot,NaDene33 F,How do you FIND f[footage like that,9FnG9lGLyEM,0
Slipknot,Puppy,I thought The Goal of Being Disabled was To Help Individuals Rehabilitate Back Into The Work-Force: Not To Prove Exactly How Disabled They Actually Are? (Barack Obama).,9gsAz6S_zSw,0
Slipknot,Puppy,"I Need To Find A Full-Time Job To Have Complete Access To My Financing because I Have A Representative-Payee Named Allison Phillips From The Advocacy Alliance in Scranton, PA. She Really Has My Best interests in Mind As A Disabled Person: Does She Not?",qw2LU1yS7aw,1
Slipknot,Puppy,"I am involved in A Medical Negligence Lawsuit that, if not Dealt With, will Lead To My Wrongful Death.",INi3qP1oWlY,1
Slipknot,Leo Przytułaç,"The poetry, the images, the emotion that was put into this... Don't get me wrong, it is a banger! But it's not just that. It's a collage of deep seeded feelings.",9FnG9lGLyEM,0
Slipknot,Glen B,Possibly Slipknots finest moment. And the legend that is Malcolm McDowell in the video.,LXEKuttVRIo,0
Slipknot,lXzEdXl,"Puta pasada de temazo, mi psicólogo me lo ha recomendado y me siento mejor ",5abamRO41fE,0
Slipknot,TinFoil T.V.,@2:33 how the fuck did I now notice this!?,V3ADK6gsDGg,0
Slipknot,Skywatcher,"When I used to have those terrible cluster headaches, I can confirm I did this, pushing my fi gers into my eyes",6fVE8kSM43I,0
Slipknot,Daniel Melo,Um salve para o Grupo Para Pessoas Pobres com Computadores Ruins 5.0,JGNqvH9ykfA,0
Slipknot,Tricky & Friends,Corey Taylor geuss what my name is its corey Taylor,fu3-3Yr5PPE,0
Slipknot,Вячеслав,My favourite song!!!!,B1zCN0YhW1s,0
Slipknot,GAMINFOXANX,Slipknot should do a collaboration with stone sour,fu3-3Yr5PPE,0
Slipknot,Rivers from the red album,This song makes me want to go memorize the periodic table,PAAvNmoqDq0,1
Slipknot,Rivers from the red album,This song makes me want to go and buy something only just out of my price range and go back the next day complaining it's broken,B1zCN0YhW1s,1
Slipknot,Superior highlights,Ifts verpy harg ti typw witj mu finfers in mu eyesa,6fVE8kSM43I,0
Slipknot,Anthony Guilford,"My brother you are very missed, I'm always with you bro",l22_YV-_WBc,0
Slipknot,Timothy Gorman,I always go to slipknot for that adrenal pick up. This band has creeped into my head in a new way. Amazing visuals.  Damn,fu3-3Yr5PPE,0
Slipknot,Denise Hays,This is the last song my best friend listened to before hanging himself. I was the one that found him. My life will never be the same.,RUV5-ZqQ4o0,0
Slipknot,Tone Zone,Tony Montana checking in,5abamRO41fE,0
Slipknot,star,1:36 She’s wearing the same mask as the “maggot mask” on the Vol. 3: The Subliminal Verses album cover,xKcbYUwmmlE,1
Slipknot,Genpv Sound,A voz do taylor mudou nesse álbum,xKcbYUwmmlE,1
Slipknot,Sexual Assault Rifle,"Do you like modern extreme death metal and grindcore, noise? Yeah, well regardless of what you think of this band, you can thank these guys for all the kids they turned on to more extreme forms of metal and are the ones making the music you are listening to these days.

Thank you, Slipknot. I didn't appreciate you so much years ago, but i do now.",XEEasR7hVhA,2
Slipknot,Angelthebeat,0:59 This song Brings back memories from Guitar Hero 3 ,qw2LU1yS7aw,0
Slipknot,Эмилия Эмилия,Довольно милая песня ,XEEasR7hVhA,2
Slipknot,Эмилия Эмилия,Я единственная кто сдесь говорит по руски,XEEasR7hVhA,0
Slipknot,Christina Fajimolu,I will never get sick of this song.,B1zCN0YhW1s,0
Slipknot,Sachi The Hoplite,"Leaving this world, but thank you slipknot for make it easier.",mhJh5_6MuCk,0
Slipknot,Iracema Silva,Melhor banda que já ouvi. Slipknot é simplesmente outro nível ,5abamRO41fE,11
Slipknot,Loni,First time seeing the video I love the lyrics and music but this video put it over the edge <3 Did you put the art together for this C?,9FnG9lGLyEM,0
Slipknot,Alex Grenlie,Looks like the easiest music video to make. You guys lip sync the song and we'll dub it in. Have those fat shirtless white kids break in and dance around. We got this in one take guys. Shaky camera guy let's roll!,6fVE8kSM43I,0
Slipknot,Divinely Guided Beautifully Unique,"Wow Taylor looks so fkn handsome in a suit, slicked back hair n glasses OMFG",9FnG9lGLyEM,0
Slipknot,Ganzo,"This is my favorite song from Slipknot, every day I listen to it again with a beautiful melody",5abamRO41fE,0
Slipknot,Ganzo,"this is cool again with very beautiful music and melody, I like this again",6fVE8kSM43I,0
Slipknot,Visca el Barça•,2023 and this still hits like it just came out. ,5abamRO41fE,4
Slipknot,Genpv Sound,A chuva que começa depois no clipe até lembra In The End,D1jQKpse7Yw,2
Slipknot,dewayne,I like there songs like this Better then the really heavy stuff,LXEKuttVRIo,0
Slipknot,Jacob Anderson,This is probably my favorite music video of all time. Singlehandedly turned me into a fan at the age of 11 when I was convinced I could never possibly like this band.,9gsAz6S_zSw,0
Slipknot,VALE<3,Yo me llamo Pablo  ahhhhhh,6fVE8kSM43I,0
Slipknot,Sielhoutte,His Mask in 2019 looks like an off brand joker,JGNqvH9ykfA,0
Slipknot,Jungo Bungo,Best opening scream ever recorded to this day,26PRhCJtgPQ,1
Slipknot,ABC,"This song is way overrated, totally forgetable.",5abamRO41fE,1
Slipknot,Brandon Watchman,Should've been Craig playing the piano at the end......,9FnG9lGLyEM,0
Slipknot,YANI,This is what I imagine the Elves and Dwarves in middle earth listen to.,5abamRO41fE,0
Slipknot,Victor Jose,"La brutalidad de la música hecha arte
Brutal y extraordinario temazo de Slipknot ",3TokaT9MPLM,0
Slipknot,The Grim Reaper,Violence is a part of the mind language.  We are maggots.  People = sh*t,6fVE8kSM43I,0
Slipknot,Alex Seach,Step in side and see the Devil  in I slipknot Cory Taylor slipknot for life,8Dic5RWvuOM,0
Slipknot,Artem Nyb,Надеюсь пацану хавка понравиласб,D1jQKpse7Yw,1
Slipknot,Marcos P. Júnior,Foda pra caralhoo!!! Não erram nunca ,0x_Sgznydzg,1
IceNineKill,Ifyousayhiimighttoo,‘For a minute I though I was dead me-‘,kI8OlBF8nHw,0
IceNineKill,Ifyousayhiimighttoo,"Ok, but can I ft y’all???",zRFTE3tFrmQ,0
IceNineKill,maxx angel,bro ice nine kills makes shorts- didn't know that but cool ,GosZL6HH4KU,0
IceNineKill,Carrie Johnson,"The carnage continues at a concert near you! Na na na boo boo, INK's gonna get you!!",TZFjYkhA9S0,0
IceNineKill,Luke Cote,"9:55 Not as chunky as in scanners, but definitely more bloody. I give this head explosion a 4 out of 5. Great job James, you earned it.",kI8OlBF8nHw,1
IceNineKill,shilo eldridge,imagine doing homelander to idk lol i love youuuu guysssssss,kI8OlBF8nHw,0
IceNineKill,Rockstar Wolf,The ending was so perfect,kI8OlBF8nHw,0
IceNineKill,Deception,"love going to trinity, seen then every time. amazing shows!",9oMWTs7Q0JY,0
IceNineKill,Diego Bruni,Clipe impecável como sempre!,m9sId7TZ0r0,0
IceNineKill,Child Predator,Nice to see James using logic and stomping out the fire.,kI8OlBF8nHw,0
IceNineKill,kriispy cheese,i cannot get over how this mv was animated by the same team that makes elhugueny videos,Fchfu5tH1-0,0
IceNineKill,Morgan Reichel,"My Birthday is Valentine’s Day, this is better than any fifty shades or magic Mike movie",Fchfu5tH1-0,0
IceNineKill,memorable martin,Alex the terrible lead me to ice nine kills .....I now have a new favorite band list,mXuG19-dTiQ,0
IceNineKill,KCs Funhouse,Spencer has more faith in INK fans than I do in humanity… ,ASYgM63PX8s,2
IceNineKill,Ice9kills_slipknot,The second guy who came in after Spencer he sounds hot has Spencer,q-4Q4pXwAY0,0
IceNineKill,Curseth,The music video looks like something from an lhugueney animation but good,K7v7k-WgbL8,0
IceNineKill,ErinRF,"Holy fucking shit that's brutal!

I got the cassette version of this album earlier today and I'm pretty sure I've listened to it about 8 times in a row so far. Fantastic work all around!",m9sId7TZ0r0,0
IceNineKill,Dustin Murphy,Yea and isn’t that main detective the guy from the devils rejects too?,1XP0Mu1dETo,0
IceNineKill,Colleen Glanville,"The one where Patrick is spitting out water is hilarious, but the coolest one would have to go to Spencer looking in the sky with his arms out. Absolutely amazing. Honestly though, a lot of these would actually be amazing album covers! ",ASYgM63PX8s,17
IceNineKill,James Albert,I think they should do a collaboration with five finger death punch or famous last wordsor even rammstein,kI8OlBF8nHw,0
IceNineKill,Yannizo.,"Still better than the ETITB cover art :,)",ASYgM63PX8s,5
IceNineKill,Yannizo.,"Still better than the ETITB cover art :,)",ASYgM63PX8s,5
IceNineKill,Yannizo.,"Still better than the ETITB cover art :,)",ASYgM63PX8s,5
IceNineKill,Yannizo.,"Still better than the ETITB cover art :,)",ASYgM63PX8s,5
IceNineKill,Stupidity  productions,I’d buy those albums,ASYgM63PX8s,13
IceNineKill,Riverkath,The one with the crowd was amazing!,ASYgM63PX8s,29
IceNineKill,Autistic Ace,The last two ones we're my favorite,ASYgM63PX8s,11
IceNineKill,IzzleVR #roadto2k,"First, and everything can be an album cover lmao",ASYgM63PX8s,10
IceNineKill,Alice Veil,Can someone tell my dumbass what movie this song is based off of?,DnMgCoRMTWU,0
IceNineKill,KGB_The_Space_Marine,POV: you heard “HEY PAUL” over your shoulder,xWzS7ewJl9w,0
IceNineKill,Psychedelic Soul,"James just kicks so much fucking ass, I remember I met all of these guys back stage in Denver at the peak of their horror album and it fucking ruled. Sure, it snowed, and i been lost for hours on end after the show, but it was all worth it. I'm so grateful to bear witness to a masterpiece album of horror, let alone witness a horror legend like James A Janisse be part of it like?!?!",kI8OlBF8nHw,0
IceNineKill,Average Metal enjoyer,This band is very corny and cringe but god are they fun to listen to,qwY4tPa68lw,0
IceNineKill,ChefmemeVR,That credits song is fire,kI8OlBF8nHw,0
IceNineKill,Ambigram.L,I gotta see them live ,q-4Q4pXwAY0,0
IceNineKill,Ryan petersen,Please do something for Tim burton,ozOb5FcnDf4,0
IceNineKill,EverEnding Time,This song always makes me cry. I think of my own children. I know it's based off of pet cemetery. But like if anything ever happened to my kids I'd meet them in the afterlife.,1XP0Mu1dETo,0
IceNineKill,Ice9kills_slipknot,But was Spencer on his knees,j8vKjIakHbA,0
IceNineKill,Ice9kills_slipknot,Imagine  seeing that in your room,j8vKjIakHbA,0
IceNineKill,The Texan Crus,Meanwhile the dead Jacoby on the ground,2sovyHn_H0o,0
IceNineKill,Kacie Gresch,"For some silly-ass reason, my fav line from all these videos is the quick aside, ""Et tu, DA?"" XD",m9sId7TZ0r0,0
IceNineKill,xaniety.,did they get Lhugeny to animate this,K7v7k-WgbL8,0
IceNineKill,Arthur Morgan,I watched this through a YouTube link while it was still unlisted but it’s hella cool it’s unbanned again,kI8OlBF8nHw,1
IceNineKill,Roman Kosyi,very underrated in terms of views but really great stuff,kI8OlBF8nHw,0
IceNineKill,TJL Racing,"There's something about the expressions and facial movements when Spencer sings in this music video. The second time he says ""Are you listening through the whispering"" and thr second ""Is it sinking in, cause it's sickening."" The way he moves and the faces he makes is sick. ",JZMlDGdzysk,0
IceNineKill,ICANSEEDEADHORIZONS,"The Rammstein Vibe is strong in this one, unfortunately…",DnMgCoRMTWU,0
IceNineKill,ferdinand marcos,un vídeo musical impresionante ,m9sId7TZ0r0,0
IceNineKill,Refleiger [ Mu ],The Humbrella Corporation if there is also the zombie virus and has 100 percent of it being a worldwide zombie attack on our planet Earth !!,JZMlDGdzysk,1
IceNineKill,Sebastian Viuf,3:16 is that not the same police officer from the wrong side of heaven music video by 5FDP?,kI8OlBF8nHw,0
IceNineKill,don't trust my comments,"Absolutely love that first kill, oh my lord",kI8OlBF8nHw,0
IceNineKill,Ashley O’Neal,The intro gives me serotonin instantly,1XP0Mu1dETo,0
IceNineKill,Jake Cuevas,Happy Valentines Slay,K7v7k-WgbL8,0
IceNineKill,Goblin God,"His neck is not of human but god, his neck can make any corpsre rot.",K7v7k-WgbL8,0
IceNineKill,Duane Stewart,Ol' Sugarman throwing it down!!!!,kI8OlBF8nHw,0
IceNineKill,Jelly Bean,Best valentines day song,K7v7k-WgbL8,0
IceNineKill,Austin Miller,When he says “you will never grow up” it sounds like the toys r us “you will never grow up im a toys r us kid” jingle. Idk if it was intentional or not,j8vKjIakHbA,0
IceNineKill,ferdinand marcos,me parece que me gustan los asesinos seriales ,m9sId7TZ0r0,0
IceNineKill,ferdinand marcos,fantástico vídeo musical  impresionante ,m9sId7TZ0r0,0
IceNineKill,bvbarmy2006,"Y’all kill it on stage. I’ve only seen you guys once but man, the audience was deafening with how many sang along.",85dlfxiBU6s,0
IceNineKill,Cristian Ojeda,Was that Ash on his arm ?,kI8OlBF8nHw,0
IceNineKill,Owen Zellner,It’s been a year since this song came out and funny enough I started my job the exact same day so a good song to start a good job to.,K7v7k-WgbL8,1
IceNineKill,Quashad Backus,Fuck Valentine's Day.,K7v7k-WgbL8,2
IceNineKill,Quashad Backus,Fuck Valentine's Day.,K7v7k-WgbL8,2
IceNineKill,Sw76,"Valentines Day, 2023.",K7v7k-WgbL8,2
IceNineKill,Hunter Irving,Saw you guys live last year keep up the great work also happy Valentines day,Fchfu5tH1-0,0
IceNineKill,Bhart,“Hearts are broken and the damage is severe. You’ll fall headless over heels cause the 14th is here”,K7v7k-WgbL8,2
IceNineKill,Azadeh,1:30  WoOoOoW it´s just amazing....,1XP0Mu1dETo,0
IceNineKill,Rippled,Hip to be scared and funeral derangements are my two favorute mysic videks by ink,qwY4tPa68lw,0
IceNineKill,Beckett,Yes! The uncensored cut! That's more like it!,kI8OlBF8nHw,0
IceNineKill,Beckett,Chelsea dies in the music video! ,m9sId7TZ0r0,0
IceNineKill,Beckett,These videos are amazing!,m9sId7TZ0r0,0
IceNineKill,Beckett,These videos are amazing!,1XP0Mu1dETo,0
IceNineKill,Beckett,James makes the best puns! I love these videos!,AG9SuDzflMg,0
IceNineKill,Beckett,Amazing music video! I love the story!,JZMlDGdzysk,1
IceNineKill,Beckett,James A. Janisse thank you for sharing Ice Nine Kills with me! I love metal & horror so I love this band! You're in the music videos!,j8vKjIakHbA,0
IceNineKill,Ashsizzlin Marie.,I need more im soulless ,m9sId7TZ0r0,0
IceNineKill,Maddoxmonster72,"Oh hell ya I did, sometime you should make a ex mortis video",1KYeNFwyeEk,0
IceNineKill,g-n,Человек который преуспел в ассоциировании себя Патриком Бейтманом,ozOb5FcnDf4,0
IceNineKill,Rippled,I bet their concerts are the fucking best,h-v705eYqJk,0
IceNineKill,Andrew Day,Coolest live show I ever seen!,q-4Q4pXwAY0,0
IceNineKill,J T,Wish they show the other members other then spencer,kI8OlBF8nHw,0
IceNineKill,Rippled,The amount of times ive watched this I swear. I cant get enough,ozOb5FcnDf4,0
IceNineKill,Mustafa Ra,That Corpsegrinder headspin ,K7v7k-WgbL8,0
IceNineKill,Abyss,"Other Bands most replayed part: *chorus*
INK most replayed part: HEY PAUL!",ozOb5FcnDf4,1
IceNineKill,Loupix 021,Simetierre reference I love u,1XP0Mu1dETo,0
IceNineKill,Rippled,After i saw this american psycho had been on my mind for days. So i finally decided to watch the movie and now i understand the video way better,ozOb5FcnDf4,0
IceNineKill,MM,One of my drum students just suggested I listen to this. Didn’t know she was this metal! Awesome stuff!,ozOb5FcnDf4,0
IceNineKill,Morgan Reichel,Now this is something I needed for my birthday (the 14th). Thanks INK!,K7v7k-WgbL8,3
IceNineKill,nova_eclipse17,"ive spent more time then i should have looking at this. i was trying to figure out who played jud nelson in the video(because it was bugging me) and i think i found it. 3:43 is where im comparing the images. so i think the person who plays jud nelson is philip a. nelson, a professor of a computer science department. i mean they look far too similar. (also if the reason the full name of phil wasnt put in the description was for privacy reasons let me know and ill delete this comment)",1XP0Mu1dETo,0
IceNineKill,Jacky Ray,Deserves a Billion views off of the video alone.,kI8OlBF8nHw,0
IceNineKill,Kaili Ogden,"WHAT A COOL DEATH!!!!!  AND SHE DID THE DEATH TWITCHES TOO THAT'S SO PERFECT!!!!  Bravo, Chelsea, bravo!!!",m9sId7TZ0r0,0
IceNineKill,Tyler Ramirez,Definitely singing this at school,Fchfu5tH1-0,0
IceNineKill,Colleen Glanville,"It's almost hard to believe that the music video for Take Your Pick is almost a year old now. I feel like it was just yesterday when it was released, where have the years gone. Absolutely love this song, and the music video never gets old. I'll probably watch it a few hundred times on Valentine's Day. Have a good one everyone, and Happy Valentine's Day! ",Fchfu5tH1-0,4
IceNineKill,caitycasna,"""For a moment I thought I was DEAD MEAT"" 
heh. Clever. RIP James",kI8OlBF8nHw,0
IceNineKill,Milo,"So- Three in the chest, Two in the stomach, One in the back

3, 2, 1
His signature.
But the video was reversed, what's the ""Got you"" about if I'm wrong about that?",1XP0Mu1dETo,0
IceNineKill,hedgehog of death,Well I'm not going to be in a mine with a serial killer on Valentine's day so hopefully this won't happen,Fchfu5tH1-0,1
IceNineKill,TheGrizzlyChef,My Bloody Valentine!! Let's fucking go!!,Fchfu5tH1-0,1
IceNineKill,ghostfacejoel,My favorite song off of Horrorwood!! I hope you guys go back to playing this song live on your next US headlining tour. Or at silver scream con which I will be at!!,Fchfu5tH1-0,1
IceNineKill,Jaterrius Graham,Bruh not it ending before the breakdown ,Fchfu5tH1-0,5
IceNineKill,Cam Kornacki,"FUCK yeah my wife and I jam to this song all the time (really the whole album) lol can't wait! Also love how when Spencer is singing ""love hurts, in my mine, blunt force, then you die"" they're totally smoking a blunt hahahh",Fchfu5tH1-0,2
IceNineKill,Tyler Walker,"Those unaware, My Bloody Valentine’s release anniversary is today!",Fchfu5tH1-0,27
IceNineKill,Papahetfan,Favorite song on the album,Fchfu5tH1-0,5
IceNineKill,Metal Mania,Definitely showing my girlfriend this song on the 14th. ,Fchfu5tH1-0,18
IceNineKill,MatthewMan,"Wow, that year has zoomed by.",Fchfu5tH1-0,5
IceNineKill,The Lone Wolf,Definitely a memorable day.,Fchfu5tH1-0,8
IceNineKill,Vlad V,Impressive. Very nice. Let's see Papa Roach's video.,ozOb5FcnDf4,0
IceNineKill,Leftylizard,Ultimate sigma anthem,ozOb5FcnDf4,0
IceNineKill,Alex Perinich,"pithy and crass, with little talent.",kI8OlBF8nHw,0
IceNineKill,Moritz Schönemann,"I thought i was dead meat, i laughed loud for that one",kI8OlBF8nHw,0
IceNineKill,Touhoumomo,Mans got a Efficiency 5 pickaxe fr,K7v7k-WgbL8,1
IceNineKill,Touhoumomo,Mans got a Efficiency 5 pickaxe fr,K7v7k-WgbL8,1
IceNineKill,Black Magi Rabbit,“Movies Don’t Create Psychos. Movies Make Psychos More Creative!”,kI8OlBF8nHw,0
IceNineKill,Madelyn Johnson, All these music videos should be put together into a movie. It would be awesome.,kI8OlBF8nHw,0
IceNineKill,Corey,"This is one of the best songs in INK catalogue, it displays how good they are as a band and how amazing Spencers vocals are. And the breakdown is just so well done. Who cares if they're a ""gimmick"" band, their music is honestly some of the best in metalcore",kI8OlBF8nHw,0
IceNineKill,Charles Godwin,When did Stephanie McMahon get on tokt8lk,xWzS7ewJl9w,0
IceNineKill,xflamingx xcheetox,Now this is some ice nine kills pure fucking hardcore!! Yessss!!!,kI8OlBF8nHw,0
IceNineKill,Breezy,why does the explosion start inside the head rather than at the neck?,kI8OlBF8nHw,0
IceNineKill,Max Schager,This is probably my favourite INK song.,1XP0Mu1dETo,1
IceNineKill,Bree Swenson,Bill Moseley!! Hell yes!,kI8OlBF8nHw,0
IceNineKill,Zombie,Tbh it was pretty meh I didn't see why it was censored. I liked it the least out of all the new songs. Better luck next time I suppose,1KYeNFwyeEk,0
IceNineKill,Sgt Frost 1488,gotta do a song about event horizon,kI8OlBF8nHw,0
IceNineKill,Vættir9925,Definitely one of the best music videos I've watched however I think James needed more blood after he exploded.,1KYeNFwyeEk,0
IceNineKill,🐴Evening_Edits🐴,"Yes, it’s better than most of the newer horror movies I’ve seen lmao",1KYeNFwyeEk,0
IceNineKill,Jonah Stovall,I agree with what Metal Mania said it’s pretty badass,1KYeNFwyeEk,0
IceNineKill,Morgan Reichel,Okay ummm…….yeah this is amazing,kI8OlBF8nHw,0
IceNineKill,Jordan Inlow,Simply perfection!!!!,mmL8YpVFbqQ,0
IceNineKill,Homer Homer,"as an SFX enthusiast i LOVE how this cut is made, man oh man this is beautiful. Thank you SO MUCH for uploading the uncesored version",kI8OlBF8nHw,0
IceNineKill,mas0n,JAMES!!!???  I gotta say this is James cup of coffee so kudos to james,kI8OlBF8nHw,0
IceNineKill,MC Shorts,"""I forgot everything is gonna be on fire."" sounds like something you dont forget just like casually",K6QufPWpSfU,0
IceNineKill,ZiranMustard,God imagine if they got Jared Leto from 30 Seconds to Mars for this video..,ozOb5FcnDf4,0
BillieEilish,ve3r4x,I don't understand why people do this to her like it's kinda disgusting,ZlvfYmfefSI,0
BillieEilish,Feli Fox,"I saw you and your bitch ass brother high as a kite climbing his auntys fence, her neighbour nice quiet neighbourhood. You couldn't afford a crown if it was given. A real crown  there's yours. Byeeeeee",Ah0Ys50CqO8,0
BillieEilish,Feli Fox,COMPETETITION. I DONT SEEK ANY,Ah0Ys50CqO8,0
BillieEilish,Feli Fox,I have Real life Anacondas. You have a few nice spiders also probably stolen from James that you love to stalk when he was here in Nzl now I'm picking up the pieces. ISLAAM BITCH.,Ah0Ys50CqO8,0
BillieEilish,Feli Fox,"Hahaha ew you think just cos you scare the world you never scare me. Bitch. I'm princess Aurora. Or know me from your place in America as Baby the famous cheer leader. Your art is unbothered. And bitch I heard u stalking the back yard of Joan, when I was ther. U ain't shit. Back to your church black gal",Ah0Ys50CqO8,0
BillieEilish,Jimena Ochoa,"Anyeli si llegas a leer esto por favor volvamos a tener esa amistad que nadie podía separar, eramos la mejor dupla :'( no sabes cuanto me dolio dejar de hablarte, no se pq se acabo solo quiero que sea como antes :( perdóname si en algún momento te hice algo",_JGGLJMpVks,0
BillieEilish,Irene Fitch,"You changed my life forever, Billie. I love you!",LPY4jB2F9Go,0
BillieEilish,Luccas Roblox,"Cada música da Billie me trás uma lembrança diferente, eu amo isso. Te amo minha garota ",b_em8lNLJXc,0
BillieEilish,Arina Axalkaci,Don't you love me anymore?xxx tentacio,W2_HBg2km3U,0
BillieEilish,Icker Aguedo Ruiz,Billie eilish no si ablas español pero eres una gran artista de verdad,LPY4jB2F9Go,0
BillieEilish,Little legend,Billie Eilies do u love xxxtantaction,LPY4jB2F9Go,1
BillieEilish,Little legend,Billie Eilies do u love xxxtantaction,LPY4jB2F9Go,1
BillieEilish,B L A N K,Billie Eilish You are the great Live Perfomance what i have watch and you are Better than any other girl big Fan,LPY4jB2F9Go,1
BillieEilish,B L A N K,Billie Eilish You are the great Live Perfomance what i have watch and you are Better than any other girl big Fan,LPY4jB2F9Go,1
BillieEilish,just another yt user,I love you  Billy        ,Ah0Ys50CqO8,0
BillieEilish,just another yt user,And I love you so much bille,Ah0Ys50CqO8,0
BillieEilish,just another yt user,But  I like  them so much  now I let them crool  on me,Ah0Ys50CqO8,0
BillieEilish,just another yt user,I hate  spiders  aaaaaaaaaaaa I'm scared,Ah0Ys50CqO8,0
BillieEilish,little me ♡:),I love you soooooo much ,W2_HBg2km3U,1
BillieEilish,Thaq.9-4.5th-6,#AliciaKeys #Newyork fight a #luccessi -Odin,Ah0Ys50CqO8,0
BillieEilish,Coraline Vila,those spider look real but I can't really tell.... are they?,Ah0Ys50CqO8,1
BillieEilish,alice violet,WHAT BAOUT THE PLANS WE MADE/??,_JGGLJMpVks,0
BillieEilish,the best YouTuber in the world,Billie eilish I'm sorry 4,LPY4jB2F9Go,0
BillieEilish,the best YouTuber in the world,Billie eilish I'm sorry 4,LPY4jB2F9Go,0
BillieEilish,Addy Woldt,This song is amazing <3s to Billie or hearts to Billie if you don't what that means,viimfQi_pUw,0
BillieEilish,Addy Woldt,This song is amazing <3s to Billie or hearts to Billie if you don't what that means,viimfQi_pUw,0
BillieEilish,Phillip Rhoades,This song about Illyria is pretty cool.,viimfQi_pUw,0
BillieEilish,Livia Goltara,i love you billie eilish. I can't say in words how much I love you and how much I would like to see you in person,_JGGLJMpVks,0
BillieEilish,Livia Goltara,i love you billie eilish. I can't say in words how much I love you and how much I would like to see you in person,_JGGLJMpVks,0
BillieEilish,Jayde Reed,I love you so much I want to your concert,W2_HBg2km3U,1
BillieEilish,Lana Rey,Billie was 13 in this vid! This is a masterpiece! ,viimfQi_pUw,1
BillieEilish,Lana Rey,Billie was 13 in this vid! This is a masterpiece! ,viimfQi_pUw,1
BillieEilish,Agnieszka Kowalska,"God, this song is so beautiful!!",viimfQi_pUw,1
BillieEilish,Agnieszka Kowalska,"God, this song is so beautiful!!",viimfQi_pUw,1
BillieEilish,Shari Lunsford,I was there when that happened it was a good concert ,LPY4jB2F9Go,0
BillieEilish,Shari Lunsford,I was there when that happened it was a good concert ,LPY4jB2F9Go,0
BillieEilish,Uiop,"i searched ""hahahahahah"" for no reason and i saw this? what the hell",b_em8lNLJXc,0
BillieEilish,Лейла Стендофферша,Billy you are just an amazing girl! I love you ,LPY4jB2F9Go,0
BillieEilish,Лейла Стендофферша,Billy you are just an amazing girl! I love you ,LPY4jB2F9Go,0
BillieEilish,Marina Peña Vega,My mom passed away last month and I miss her too much ,_JGGLJMpVks,1
BillieEilish,Nipun Sandeepa,Who came here again after Watch Locke and key?,Ah0Ys50CqO8,0
BillieEilish,Sigma male Gamer,Are you happy without xxxtentacion????????,LPY4jB2F9Go,0
BillieEilish,Sigma male Gamer,Are you happy without xxxtentacion????????,LPY4jB2F9Go,0
BillieEilish,Serene,I can't believe i slept on Billie's songs since her debut. Well now i realised i f'ed up...,_JGGLJMpVks,1
BillieEilish,mamão_com_açucar,Essa música so me traz memórias de um mangá yaoi,_JGGLJMpVks,0
BillieEilish,mamão_com_açucar,Essa música so me traz memórias de um mangá yaoi,_JGGLJMpVks,0
BillieEilish,Francisco Silva,"Essa música saturou em ""Verdades Secretas"" aqui no Brasil rsrs.",Ah0Ys50CqO8,0
BillieEilish,vincenzo Giambanco,I am still in love with you I can't let you go I love you!,viimfQi_pUw,0
BillieEilish,Dead Old,It's beautiful lil girl,_JGGLJMpVks,0
BillieEilish,menna hussein,what about the plans we made?,_JGGLJMpVks,1
BillieEilish,ZZS$,come to our Estonian village in Tallinn ,LPY4jB2F9Go,0
BillieEilish,ZZS$,come to our Estonian village in Tallinn ,LPY4jB2F9Go,0
BillieEilish,MurielCallMeCearal,I sang and played the piano to this at my school talent show and got second place ,FQ0iq10ULNA,0
BillieEilish,Jinda Rische,Iyou Billie you r amazing,W2_HBg2km3U,0
BillieEilish,Yara Riki,اسمع اغانيك لأن ليان تحبها,_JGGLJMpVks,0
BillieEilish,Yara Riki,اسمع اغانيك لأن ليان تحبها,_JGGLJMpVks,0
BillieEilish,selen clop,"I love her. 
I’m here 6y and forever .",viimfQi_pUw,1
BillieEilish,selen clop,"I love her. 
I’m here 6y and forever .",viimfQi_pUw,1
BillieEilish,selen clop,"I love her. 
I’m here 6y and forever .",viimfQi_pUw,1
BillieEilish,Cameron Davis,Honestly should have more plays,Ie2Xv2dD1Bg,0
BillieEilish,MrKittles,Her voice is incredible ,viimfQi_pUw,3
BillieEilish,MrKittles,Her voice is incredible ,viimfQi_pUw,3
BillieEilish,Ali Dawd,glory to how wrote the lyrics,_JGGLJMpVks,0
BillieEilish,Ali Dawd,glory to how wrote the lyrics,_JGGLJMpVks,0
BillieEilish,Ali Dawd,glory to how wrote the lyrics,_JGGLJMpVks,0
BillieEilish,James Heatherly,Like the Survivor reference,_JGGLJMpVks,0
BillieEilish,James Heatherly,Like the Survivor reference,_JGGLJMpVks,0
BillieEilish,LouLouLemonSlayGirl,"Omfg Billie you are my favorite singer. Honestly. And I just wanted you to know, that out there: there’s a child (me!) who swears a lot (that’s not important but whatever), has YouTube (that’s also not important but whatever), and has memorized all of your songs. And also, who thinks you are DROP DEAD GORGEOUS!!! Have a great day.",W2_HBg2km3U,0
BillieEilish,Destiny irus,This song hits me differently as a survivor from an abusive relationship,_JGGLJMpVks,1
BillieEilish,Destiny irus,This song hits me differently as a survivor from an abusive relationship,_JGGLJMpVks,1
BillieEilish,Destiny irus,"The part about all ur friends missing when u fall in love. Hits me when I was in an abusive relationship, where he made me cut off my friends and family.. and now I look bad on it as a survivor like wtf",_JGGLJMpVks,2
BillieEilish,Destiny irus,"The part about all ur friends missing when u fall in love. Hits me when I was in an abusive relationship, where he made me cut off my friends and family.. and now I look bad on it as a survivor like wtf",_JGGLJMpVks,2
BillieEilish,Βεηjαmιη Jαcοβο,2:08 I love how she went higuer than the studio version. I think the effect just makes it sound so nice,1TfDbTGTvcg,0
BillieEilish,Βεηjαmιη Jαcοβο,2:08 I love how she went higuer than the studio version. I think the effect just makes it sound so nice,1TfDbTGTvcg,0
BillieEilish,SOSKE,Pls I am ur biggest fan can u to be Jesus kid,LPY4jB2F9Go,0
BillieEilish,SOSKE,Pls I am ur biggest fan can u to be Jesus kid,LPY4jB2F9Go,0
BillieEilish,Hermosa Rosa Blanca,Still waiting on my money from the famous people who have sang about me…,viimfQi_pUw,0
BillieEilish,Hermosa Rosa Blanca,Still waiting on my money from the famous people who have sang about me…,viimfQi_pUw,0
BillieEilish,TRËY OFFICIAL,TikTok sent mhee here ,viimfQi_pUw,0
BillieEilish,TRËY OFFICIAL,TikTok sent mhee here ,viimfQi_pUw,0
BillieEilish,BITW2020,Maybe I’m the problem.,_JGGLJMpVks,0
BillieEilish,BITW2020,Maybe I’m the problem.,_JGGLJMpVks,0
BillieEilish,vix osama,shout out billie eilish if it wasn’t for this we wouldn’t have no apologies by rylo,viimfQi_pUw,0
BillieEilish,vix osama,shout out billie eilish if it wasn’t for this we wouldn’t have no apologies by rylo,viimfQi_pUw,0
BillieEilish,Ñ CAi no EnEM!!!,lindaaaaaaaaaaaa billie,-1U6jv6SzWY,0
BillieEilish,Ñ CAi no EnEM!!!,lindaaaaaaaaaaaa billie,-1U6jv6SzWY,0
BillieEilish,FunnyStuffAmilas,OMG IM YOUR BIGGEST FAN ,W2_HBg2km3U,0
BillieEilish,Luccas Roblox,billie is so amazing,U0jmgLaNL-Y,0
BillieEilish,Luccas Roblox,love you forever billie,TZP885KZCtQ,0
BillieEilish,Fight the good fight of faith ministries.,"Acts 2:33
Therefore being by the right hand of God exalted, and having received of the Father the promise of the Holy Ghost, he hath shed forth this, which ye now see and hear.",LPY4jB2F9Go,0
BillieEilish,Fight the good fight of faith ministries.,"Acts 2:33
Therefore being by the right hand of God exalted, and having received of the Father the promise of the Holy Ghost, he hath shed forth this, which ye now see and hear.",LPY4jB2F9Go,0
BillieEilish,Avery_Star,"Hey Billie, do you miss Xxxtentacion?",LPY4jB2F9Go,0
BillieEilish,Avery_Star,"Hey Billie, do you miss Xxxtentacion?",LPY4jB2F9Go,0
BillieEilish,Darius Stone,Still one of my favorite songs,viimfQi_pUw,1
BillieEilish,Darius Stone,Still one of my favorite songs,viimfQi_pUw,1
BillieEilish,AriTrixx,BILLE I LOVE YOU SM AND GIRL OMG YOU ARE FINE ASF!!! MAKE SURE TO ALWAYS BE CONFIDENT,P65tI0SOnY8,0
BillieEilish,AriTrixx,BILLE I LOVE YOU SM AND GIRL OMG YOU ARE FINE ASF!!! MAKE SURE TO ALWAYS BE CONFIDENT,P65tI0SOnY8,0
BillieEilish,zayn bajwa,Alaina i love you ill never leave you dw ill do anything for you,_JGGLJMpVks,0
BillieEilish,zayn bajwa,Alaina i love you ill never leave you dw ill do anything for you,_JGGLJMpVks,0
BillieEilish,zayn bajwa,damn nice song but nah sad hai,_JGGLJMpVks,0
BillieEilish,zayn bajwa,damn nice song but nah sad hai,_JGGLJMpVks,0
BillieEilish,Soumi Nandi,"It hits hard when you didn't give much time to your friends bcz of the person you love whom you wanna spend most of the time but at last he ended up cheated & acted being in love with you. And now you're all alone, you started to starve yourself bcz of the depression specially for the person who you love the most never love you a little & also feel hate on yourself why you ignored your true just bcz of this cheater ",_JGGLJMpVks,0
BillieEilish,Soumi Nandi,"It hits hard when you didn't give much time to your friends bcz of the person you love whom you wanna spend most of the time but at last he ended up cheated & acted being in love with you. And now you're all alone, you started to starve yourself bcz of the depression specially for the person who you love the most never love you a little & also feel hate on yourself why you ignored your true just bcz of this cheater ",_JGGLJMpVks,0
BillieEilish,Steven Vialpando,You have saved countless lives. Thank you for your music,viimfQi_pUw,1
BillieEilish,Steven Vialpando,You have saved countless lives. Thank you for your music,viimfQi_pUw,1
BillieEilish,Billie Dixon ,"When she says 
“And I'll be in denial for at least a little while
What about the plans we made?”

reminds me of my dog ​​(he was like my best friend) he passed away the day before my birthday when i was traveling and when i found out he had died i started crying and remembering the promises i made to him when my financial conditions improved. I always wanted to take him to the beach but I think that will be next life",_JGGLJMpVks,1
BillieEilish,Billie Dixon ,"When she says 
“And I'll be in denial for at least a little while
What about the plans we made?”

reminds me of my dog ​​(he was like my best friend) he passed away the day before my birthday when i was traveling and when i found out he had died i started crying and remembering the promises i made to him when my financial conditions improved. I always wanted to take him to the beach but I think that will be next life",_JGGLJMpVks,1
BillieEilish,PUBG VINDH,you love xxxtentacion  billie plz give me answer plx billie,LPY4jB2F9Go,0
BillieEilish,PUBG VINDH,you love xxxtentacion  billie plz give me answer plx billie,LPY4jB2F9Go,0
BillieEilish,chadtheshark,She is so cool happier then ever is my fav music and f*** old men,W2_HBg2km3U,0
BillieEilish,Kirsten Arbon,Jesus kiddo!  You had me crying.  I woke up after a fall into a coma and woke with the what ifs and still have them.  This song bursts my soul. You are a special human.,onT3z0lCZz8,0
BillieEilish,Kirsten Arbon,Jesus kiddo!  You had me crying.  I woke up after a fall into a coma and woke with the what ifs and still have them.  This song bursts my soul. You are a special human.,onT3z0lCZz8,0
BillieEilish,Kroon,REACT TO SARAH JAMES!…,LPY4jB2F9Go,0
BillieEilish,Kroon,REACT TO SARAH JAMES!…,LPY4jB2F9Go,0
BillieEilish,Tony D,Come out and play belongs to the offspring,TZP885KZCtQ,0
